ROL,ANO,fecha_eliminacion,motivo
1495,2025,2026-04-29,REAUDIT: Suspension/Reprograma: 'Suspende/Reprograma Remate' (folio 63; 2026-04-07)
1717,2025,2026-04-29,REAUDIT: Suspension/Reprograma: 'Suspende/Reprograma Remate' (folio 12; 2026-02-27)
5280,2025,2026-05-21,REAUDIT: Reprogramado: 'Nuevo día y hora' (folio 40; 2026-04-28)
2481,2022,2026-05-23,Sin postores: 'Certificado de no postores' (folio 81; 2026-04-30)
1061,2025,2026-05-23,Reprogramado: 'Nuevo día y hora' (folio 26; 2026-05-04)
3180,2023,2026-05-23,Suspension/Reprograma: 'Suspende/Reprograma Remate' (folio 96; 2026-04-27)
1477,2024,2026-05-23,Suspension/Reprograma: 'Suspende el apremio' (folio 81; 2026-04-29)
1557,2024,2026-05-23,Suspension/Reprograma: 'Suspende/Reprograma Remate' (folio 104; 2026-04-27)
192,2025,2026-05-23,Sin postores: 'Certificado de no postores' (folio 40; 2026-04-28)
615,2019,2026-05-23,Reprogramado: 'Nuevo día y hora' (folio 158; 2026-05-13)
3577,2025,2026-05-23,Suspension/Reprograma: 'Suspende/Reprograma Remate' (folio 22; 2026-04-30)
663,2024,2026-05-23,Reprogramado: 'Fija nuevo día y hora remate' (folio 36; 2026-05-05)
2352,2024,2026-05-23,Reprogramado: 'Nuevo día y hora' (folio 35; 2026-05-04)
1132,2025,2026-05-23,Reprogramado: 'Fija nuevo día y hora remate' (folio 77; 2026-05-06)
3121,2025,2026-05-23,Suspension/Reprograma: 'Suspende/Reprograma Remate' (folio 45; 2026-04-30)
1068,2023,2026-05-23,Suspension/Reprograma: 'Suspende/Reprograma Remate' (folio 116; 2026-05-04)
4379,2024,2026-05-23,Suspension/Reprograma: 'Suspende/Reprograma Remate' (folio 84; 2026-05-19)
300,2024,2026-05-23,Sin postores: 'Certificado de no postores' (folio 91; 2026-05-06)
6082,2022,2026-05-23,Suspension/Reprograma: 'Suspende/Reprograma Remate' (folio 205; 2026-04-28)
3253,2024,2026-05-23,Suspension/Reprograma: 'Suspende/Reprograma Remate' (folio 74; 2026-05-05)
8129,2018,2026-05-23,Sin postores: 'Certificado de no postores' (folio 84; 2026-05-04)
1031,2023,2026-05-23,Suspension/Reprograma: 'Suspende/Reprograma Remate' (folio 75; 2026-05-04)
1850,2024,2026-05-23,Suspension/Reprograma: 'Suspende/Reprograma Remate' (folio 17; 2026-05-06)
3936,2025,2026-05-23,Suspension/Reprograma: 'Suspende/Reprograma Remate' (folio 20; 2026-05-06)
3662,2025,2026-05-23,Suspension/Reprograma: 'Suspende/Reprograma Remate' (folio 41; 2026-05-04)
400,2024,2026-05-23,Suspension/Reprograma: 'Suspende/Reprograma Remate' (folio 81; 2026-05-07)
656,2024,2026-05-23,Suspension/Reprograma: 'Suspende/Reprograma Remate' (folio 83; 2026-05-14)
330,2025,2026-05-23,Suspension/Reprograma: 'Suspende/Reprograma Remate' (folio 60; 2026-05-08)
3354,2025,2026-05-23,Suspension/Reprograma: 'Suspende/Reprograma Remate' (folio 35; 2026-05-12)
217,2025,2026-05-23,Suspension/Reprograma: 'Suspende/Reprograma Remate' (folio 46; 2026-05-04)
1779,2025,2026-05-23,Suspension/Reprograma: 'Suspende/Reprograma Remate' (folio 36; 2026-05-04)
3616,2024,2026-05-23,Suspension/Reprograma: 'Suspende/Reprograma Remate' (folio 86; 2026-05-04)
117,2025,2026-05-23,Reprogramado: 'Fija nuevo día y hora remate' (folio 100; 2026-05-15)
3543,2025,2026-05-23,Suspension/Reprograma: 'Suspende/Reprograma Remate' (folio 46; 2026-05-15)
1678,2023,2026-05-23,Reprogramado: 'Nuevo día y hora' (folio 170; 2026-05-11)
865,2025,2026-05-23,Sin postores: 'Certificado de no postores' (folio 44; 2026-05-07)
3676,2020,2026-05-23,Reprogramado: 'Fija nuevo día y hora remate' (folio 103; 2026-05-13)
2218,2024,2026-05-23,Reprogramado: 'Fija nuevo día y hora remate' (folio 132; 2026-05-20)
2831,2024,2026-05-23,Reprogramado: 'Nuevo día y hora' (folio 135; 2026-05-18)
3313,2025,2026-05-23,Suspension/Reprograma: 'Suspende/Reprograma Remate' (folio 19; 2026-04-20)
2390,2025,2026-05-23,Suspension/Reprograma: 'Suspende/Reprograma Remate' (folio 52; 2026-04-23)
2223,2022,2026-05-23,Reprogramado: 'Fija nuevo día y hora remate' (folio 122; 2026-04-22)
3863,2025,2026-05-23,Suspension/Reprograma: 'Suspende/Reprograma Remate' (folio 18; 2026-04-20)
909,2024,2026-05-23,Reprogramado: 'Nuevo día y hora' (folio 85; 2026-04-24)
2652,2024,2026-05-23,Suspension/Reprograma: 'Suspende/Reprograma Remate' (folio 83; 2026-04-21)
3729,2024,2026-05-23,Sin postores: 'Certificado de no postores' (folio 59; 2026-04-21)
3391,2024,2026-05-23,Suspension/Reprograma: 'Suspende/Reprograma Remate' (folio 31; 2026-04-20)
2737,2023,2026-05-23,Suspension/Reprograma: 'Suspende/Reprograma Remate' (folio 63; 2026-04-23)
2673,2025,2026-05-23,Suspension/Reprograma: 'Suspende/Reprograma Remate' (folio 26; 2026-05-11)
113,2023,2026-05-23,Sin postores: 'Certificado de no postores' (folio 120; 2026-04-23)
6,2023,2026-05-23,Sin postores: 'Certificado de no postores' (folio 98; 2026-04-22)
6022,2025,2026-05-23,Suspension/Reprograma: 'Suspende/Reprograma Remate' (folio 48; 2026-04-20)
1663,2023,2026-05-23,Reprogramado: 'Nuevo día y hora' (folio 89; 2026-04-27)
9291,2024,2026-05-23,Reprogramado: 'Nuevo día y hora' (folio 72; 2026-04-21)
4188,2022,2026-05-23,Sin postores: 'Certificado de no postores' (folio 29; 2026-04-22)
2215,2025,2026-05-23,Suspension/Reprograma: 'Suspende/Reprograma Remate' (folio 38; 2026-04-22)
382,2025,2026-05-23,Suspension/Reprograma: 'Suspende/Reprograma Remate' (folio 94; 2026-04-21)
1641,2021,2026-05-23,Sin postores: 'Certificado de no postores' (folio 114; 2026-04-21)
6514,2023,2026-05-23,Suspension/Reprograma: 'Suspende/Reprograma Remate' (folio 169; 2026-05-12)
2074,2023,2026-05-23,Suspension/Reprograma: 'Suspende/Reprograma Remate' (folio 120; 2026-05-08)
6593,2024,2026-05-23,Suspension/Reprograma: 'Suspende/Reprograma Remate' (folio 67; 2026-04-23)
3884,2022,2026-05-23,Reprogramado: 'Nuevo día y hora' (folio 95; 2026-04-23)
601,2021,2026-05-23,Reprogramado: 'Nuevo día y hora' (folio 87; 2026-04-24)
1140,2020,2026-05-23,Suspension/Reprograma: 'Suspende/Reprograma Remate' (folio 38; 2026-05-20)
360,2026,2026-05-23,Suspension/Reprograma: 'Suspende/Reprograma Remate' (folio 22; 2026-05-20)
105,2026,2026-05-23,Suspension/Reprograma: 'Suspende/Reprograma Remate' (folio 18; 2026-05-18)
3703,2025,2026-05-23,Reprogramado: 'Nuevo día y hora' (folio 36; 2026-05-20)
3235,2024,2026-05-23,Sin postores: 'Certificado de no postores' (folio 56; 2026-05-13)
183,2023,2026-05-23,Suspension/Reprograma: 'Suspende/Reprograma Remate' (folio 50; 2026-05-19)
4071,2024,2026-05-23,Suspension/Reprograma: 'Suspende/Reprograma Remate' (folio 47; 2026-05-19)
178,2026,2026-05-23,Suspension/Reprograma: 'Suspende/Reprograma Remate' (folio 31; 2026-05-12)
192,2018,2026-05-23,Sin postores: 'Certificado de no postores' (folio 115; 2026-05-19)
940,2022,2026-05-23,Suspension/Reprograma: 'Suspende/Reprograma Remate' (folio 65; 2026-05-14)
6003,2025,2026-05-23,Suspension/Reprograma: 'Suspende/Reprograma Remate' (folio 24; 2026-05-18)
1073,2024,2026-05-23,Sin postores: 'Certificado de no postores' (folio 40; 2026-05-13)
3362,2023,2026-05-23,Suspension/Reprograma: 'Suspende/Reprograma Remate' (folio 93; 2026-05-20)
1679,2025,2026-05-23,Reprogramado: 'Nuevo día y hora' (folio 25; 2026-05-12)
211,2024,2026-05-23,Suspension/Reprograma: 'Suspende/Reprograma Remate' (folio 51; 2026-05-13)
84,2026,2026-05-23,Suspension/Reprograma: 'Suspende/Reprograma Remate' (folio 19; 2026-05-20)
1459,2023,2026-05-23,Sin postores: 'Certificado de no postores' (folio 49; 2026-05-12)
2266,2025,2026-05-23,Suspension/Reprograma: 'Suspende/Reprograma Remate' (folio 25; 2026-05-13)
8713,2023,2026-05-23,Reprogramado: 'Fija nuevo día y hora remate' (folio 121; 2026-05-22)
507,2025,2026-05-23,Sin postores: 'Certificado de no postores' (folio 51; 2026-05-19)
2832,2025,2026-05-23,Reprogramado: 'Nuevo día y hora' (folio 33; 2026-05-20)
1486,2022,2026-05-23,Sin postores: 'Certificado de no postores' (folio 97; 2026-05-19)
43,2025,2026-05-23,Suspension/Reprograma: 'Suspende/Reprograma Remate' (folio 114; 2026-05-22)
3610,2025,2026-05-23,Reprogramado: 'Fija nuevo día y hora remate' (folio 30; 2026-05-12)
2370,2025,2026-05-23,Suspension/Reprograma: 'Suspende/Reprograma Remate' (folio 27; 2026-05-19)
6732,2019,2026-05-23,Sin postores: 'Certificado de no postores' (folio 83; 2026-05-20)
1679,2019,2026-05-23,Sin postores: 'Certificado de no postores' (folio 111; 2026-05-15)
511,2021,2026-05-23,Sin postores: 'Certificado de no postores' (folio 180; 2026-05-14)
302,2023,2026-05-23,Suspension/Reprograma: 'Suspende/Reprograma Remate' (folio 32; 2026-05-19)
17,2025,2026-05-23,REAUDIT: Suspension/Reprograma: 'Suspende/Reprograma Remate' (folio 30; 2026-04-24)
2151,2025,2026-05-23,REAUDIT F2: Cargo al credito (folio 33). Sin excedente.
332,2025,2026-05-23,REAUDIT: Reprogramado: 'Nuevo día y hora' (folio 19; 2026-03-13)
401,2020,2026-05-23,REAUDIT: Reprogramado: 'Nuevo día y hora' (folio 130; 2026-02-10)
132,2023,2026-05-23,REAUDIT F2: Cargo al credito (folio 112). Sin excedente.
3971,2025,2026-05-23,REAUDIT: Suspension/Reprograma: 'Suspende/Reprograma Remate' (folio 23; 2026-04-09)
3833,2025,2026-05-23,REAUDIT F2: Cargo al credito (folio 21). Sin excedente.
3680,2025,2026-05-23,REAUDIT: Reprogramado: 'Nuevo día y hora' (folio 22; 2026-02-12)
1752,2025,2026-05-23,REAUDIT F2: Cargo al credito (folio 39). Sin excedente.
1814,2022,2026-05-23,REAUDIT F2: Adjudicacion $19;979;871 < deuda $190;154;177 (folio 68).
2380,2022,2026-05-23,REAUDIT F2: Adjudicacion $98;000;000 < deuda $191;176;420 (folio 118).
2378,2025,2026-05-23,REAUDIT F2: Cargo al credito (folio 22). Sin excedente.
171,2025,2026-05-23,REAUDIT: Reprogramado: 'Nuevo día y hora' (folio 13; 2026-03-20)
829,2023,2026-05-23,REAUDIT F2: Cargo al credito (folio 140). Sin excedente.
543,2024,2026-05-23,REAUDIT F2: Cargo al credito (folio 71). Sin excedente.
3035,2025,2026-05-23,REAUDIT F2: Cargo al credito (folio 70). Sin excedente.
489,2025,2026-05-23,REAUDIT: Reprogramado: 'Nuevo día y hora' (folio 66; 2026-02-23)
2155,2025,2026-05-23,REAUDIT: Suspension/Reprograma: 'Suspende/Reprograma Remate' (folio 42; 2026-04-30)
4382,2020,2026-05-23,REAUDIT F2: Cargo al credito (folio 155). Sin excedente.
1853,2024,2026-05-23,REAUDIT: Suspension/Reprograma: 'Suspende/Reprograma Remate' (folio 47; 2026-04-30)
4810,2024,2026-05-23,REAUDIT: Suspension/Reprograma: 'Suspende/Reprograma Remate' (folio 41; 2026-03-17)
7134,2024,2026-05-23,REAUDIT: Reprogramado: 'Nuevo día y hora' (folio 71; 2025-12-01)
3641,2025,2026-05-23,REAUDIT: Suspension/Reprograma: 'Suspende/Reprograma Remate' (folio 22; 2026-04-30)
5941,2025,2026-05-23,REAUDIT F2: Cargo al credito (folio 39). Sin excedente.
4755,2024,2026-05-23,REAUDIT: Reprogramado: 'Nuevo día y hora' (folio 52; 2026-03-24)
3344,2025,2026-05-23,REAUDIT F2: Cargo al credito (folio 44). Sin excedente.
4765,2024,2026-05-23,REAUDIT F2: Cargo al credito (folio 49). Sin excedente.
6586,2024,2026-05-23,REAUDIT: Reprogramado: 'Fija nuevo día y hora remate' (folio 79; 2026-03-11)
3226,2020,2026-05-23,REAUDIT: Suspension/Reprograma: 'Suspende/Reprograma Remate' (folio 187; 2026-02-05)
1110,2021,2026-05-23,REAUDIT F2: Cargo al credito (folio 209). Sin excedente.
624,2025,2026-05-23,REAUDIT: Reprogramado: 'Nuevo día y hora' (folio 19; 2026-03-02)
3023,2023,2026-05-23,REAUDIT: Suspension/Reprograma: 'Suspende/Reprograma Remate' (folio 71; 2026-05-07)
670,2025,2026-05-23,REAUDIT F2: Cargo al credito (folio 31). Sin excedente.
129,2025,2026-05-23,REAUDIT: Suspension/Reprograma: 'Suspende/Reprograma Remate' (folio 57; 2026-04-08)
2911,2025,2026-05-23,REAUDIT F2: Cargo al credito (folio 40). Sin excedente.
6114,2024,2026-05-23,REAUDIT: Reprogramado: 'Nuevo día y hora' (folio 25; 2026-02-24)
866,2025,2026-05-23,REAUDIT F2: Cargo al credito (folio 63). Sin excedente.
2266,2024,2026-05-23,REAUDIT: Reprogramado: 'Nuevo día y hora' (folio 11; 2025-10-24)
3939,2023,2026-05-23,REAUDIT F2: Cargo al credito (folio 40). Sin excedente.
781,2025,2026-05-23,REAUDIT: Reprogramado: 'Nuevo día y hora' (folio 51; 2026-03-09)
894,2025,2026-05-23,REAUDIT: Reprogramado: 'Nuevo día y hora' (folio 9; 2026-03-06)
600,2025,2026-05-23,REAUDIT: Suspension/Reprograma: 'Suspende/Reprograma Remate' (folio 32; 2026-05-15)
1964,2023,2026-05-23,REAUDIT: Suspension/Reprograma: 'Suspende/Reprograma Remate' (folio 121; 2026-02-12)
1261,2025,2026-05-23,REAUDIT: Reprogramado: 'Nuevo día y hora' (folio 14; 2026-03-06)
5965,2025,2026-05-23,REAUDIT F2: Cargo al credito (folio 26). Sin excedente.
1806,2019,2026-05-23,REAUDIT F2: Adjudicacion $32;000;000 < deuda $40;230;374 (folio 188).
633,2020,2026-05-23,REAUDIT F2: Cargo al credito (folio 167). Sin excedente.
6949,2025,2026-05-23,REAUDIT: Reprogramado: 'Nuevo día y hora' (folio 10; 2026-03-03)
3658,2022,2026-05-23,REAUDIT: Reprogramado: 'Nuevo día y hora' (folio 88; 2026-05-04)
21,2026,2026-05-23,REAUDIT F2: Adjudicacion $41;107;679 < deuda $43;912;422 (folio 23).
1203,2025,2026-05-23,REAUDIT F2: Cargo al credito (folio 75). Sin excedente.
7296,2024,2026-05-23,REAUDIT F2: Cargo al credito (folio 32). Sin excedente.
2078,2024,2026-05-23,REAUDIT F2: Cargo al credito (folio 58). Sin excedente.
1745,2024,2026-05-23,REAUDIT F2: Cargo al credito (folio 87). Sin excedente.
213,2025,2026-05-23,REAUDIT F2: Cargo al credito (folio 23). Sin excedente.
2453,2025,2026-05-23,REAUDIT: Reprogramado: 'Nuevo día y hora' (folio 22; 2026-03-12)
1840,2024,2026-05-23,REAUDIT: Suspension/Reprograma: 'Suspende/Reprograma Remate' (folio 60; 2026-05-13)
1468,2024,2026-05-23,REAUDIT F2: Cargo al credito (folio 101). Sin excedente.
4264,2023,2026-05-23,REAUDIT F2: Cargo al credito (folio 85). Sin excedente.
1246,2024,2026-05-23,REAUDIT F2: Adjudicacion $52;390;787 < deuda $71;460;142 (folio 96).
3501,2025,2026-05-23,REAUDIT F2: Cargo al credito (folio 28). Sin excedente.
4626,2025,2026-05-23,REAUDIT F2: Cargo al credito (folio 35). Sin excedente.
3107,2023,2026-05-23,REAUDIT F2: Cargo al credito (folio 36). Sin excedente.
3135,2024,2026-05-23,REAUDIT: Reprogramado: 'Fija nuevo día y hora remate' (folio 61; 2026-04-08)
3601,2025,2026-05-23,REAUDIT: Suspension/Reprograma: 'Suspende/Reprograma Remate' (folio 19; 2026-05-15)
197,2025,2026-05-24,FixOcrActas [2026-05-24]: cargo al credito -> ELIMINADA
1201,2025,2026-05-24,FixOcrActas [2026-05-24]: cargo al credito -> ELIMINADA
1053,2022,2026-05-24,FixOcrActas [2026-05-24]: cargo al credito -> ELIMINADA
2403,2025,2026-05-24,FixOcrActas [2026-05-24]: cargo al credito -> ELIMINADA
1902,2019,2026-05-24,FixOcrActas [2026-05-24]: cargo al credito -> ELIMINADA
4536,2024,2026-05-24,FixOcrActas [2026-05-24]: cargo al credito -> ELIMINADA
919,2025,2026-05-24,FixOcrActas [2026-05-24]: cargo al credito -> ELIMINADA
2282,2025,2026-05-24,FixOcrActas [2026-05-24]: monto $18.500.000 < deuda $28.741.542 -> ELIMINADA
2322,2022,2026-05-24,FixOcrActas [2026-05-24]: cargo al credito -> ELIMINADA
2184,2025,2026-05-24,FixOcrActas [2026-05-24]: cargo al credito -> ELIMINADA
58,2023,2026-05-24,FixOcrActas [2026-05-24]: monto $55.000.000 < deuda $83.942.487 -> ELIMINADA
1528,2024,2026-05-24,FixOcrActas [2026-05-24]: cargo al credito -> ELIMINADA
1648,2023,2026-05-24,FixOcrActas [2026-05-24]: cargo al credito -> ELIMINADA
4105,2024,2026-05-24,FixOcrActas [2026-05-24]: cargo al credito -> ELIMINADA
1968,2023,2026-05-24,FixOcrActas [2026-05-24]: cargo al credito -> ELIMINADA
1192,2025,2026-05-24,FixOcrActas [2026-05-24]: cargo al credito -> ELIMINADA
1501,2025,2026-05-24,FixOcrActas [2026-05-24]: cargo al credito -> ELIMINADA
733,2024,2026-05-24,FixOcrActas [2026-05-24]: cargo al credito -> ELIMINADA
5268,2022,2026-05-24,FixOcrActas [2026-05-24]: cargo al credito -> ELIMINADA
1842,2023,2026-05-24,FixOcrActas [2026-05-24]: cargo al credito -> ELIMINADA
2908,2024,2026-05-24,FixOcrActas [2026-05-24]: cargo al credito -> ELIMINADA
1195,2025,2026-05-24,FixOcrActas [2026-05-24]: cargo al credito -> ELIMINADA
138,2025,2026-05-24,FixOcrActas [2026-05-24]: cargo al credito -> ELIMINADA
2328,2019,2026-05-24,FixOcrActas [2026-05-24]: cargo al credito -> ELIMINADA
3148,2025,2026-05-24,FixOcrActas [2026-05-24]: cargo al credito -> ELIMINADA
1377,2025,2026-05-24,FixOcrActas [2026-05-24]: cargo al credito -> ELIMINADA
678,2023,2026-05-24,FixOcrActas [2026-05-24]: cargo al credito -> ELIMINADA
